storeID,total_sales,profit,items_count
ST001,153471.9,30950.62228,15373
ST002,149701.67,37530.75064,15168
ST003,147695.39,29505.718937,14826
ST004,148607.28,40072.868654,15087
ST005,153219.28,35166.467423,15411
